4657210, "Gave scores not rankings"
4657215, "Gave comments as well as rankings"
4657279, "XLSX"
4657251, "XLSX"
4657239, "XLSX"
4657221, "Fucked Encoding" 
4657248, "Fucked Encoding"
4657249, "Added headings"
4657250, "Added headings"                                                                                                     
4657261, "Added headings"                                                                                   
4657264, "Added headings"                                                                                   
4657304, "Added headings"
4657226, "Didn't rank 1 to 5"
4657234, "Didn't rank 1 to 5"
4657245, "Didn't rank 1 to 5"
4657250, "Didn't rank 1 to 5"
4657258, "Didn't rank 1 to 5"
4657261, "Didn't rank 1 to 5"
4657270, "Didn't rank 1 to 5"
4657273, "Didn't rank 1 to 5"
4657276, "Didn't rank 1 to 5"
4657282, "Didn't rank 1 to 5"
4657294, "Didn't rank 1 to 5"